<?xml version="1.0" encoding="UTF-8"?>
<root>
    <doclet-version-NOT-library-version>1.04</doclet-version-NOT-library-version>
    <class>
        <name>uk.co.martinpearman.b4a.mapsforge.core.Tag</name>
        <shortname>Tag</shortname>
        <objectwrapper>org.mapsforge.core.Tag</objectwrapper>
        <owner>process</owner>
        <method>
            <name>Equals</name>
            <comment></comment>
            <returntype>boolean</returntype>
            <parameter>
                <name>Tag1</name>
                <type>org.mapsforge.core.Tag</type>
            </parameter>
        </method>
        <method>
            <name>IsInitialized</name>
            <comment></comment>
            <returntype>boolean</returntype>
        </method>
        <property>
            <name>Value</name>
            <returntype>java.lang.String</returntype>
            <comment></comment>
        </property>
        <property>
            <name>Key</name>
            <returntype>java.lang.String</returntype>
            <comment></comment>
        </property>
    </class>
    <class>
        <name>uk.co.martinpearman.b4a.mapsforge.android.maps.MapsForgeTileProvider</name>
        <shortname>MapsForgeTileProvider</shortname>
        <objectwrapper>org.mapsforge.android.maps.MapsForgeTileProviderImpl</objectwrapper>
        <owner>process</owner>
        <permission>android.permission.WRITE_EXTERNAL_STORAGE</permission>
        <method>
            <name>SetNoTileTile</name>
            <comment>Sets a Tile to be used when there is no tile available from the MapsForge map database.
 Pass Null to restore the default 'no tile' tile.</comment>
            <returntype>void</returntype>
            <parameter>
                <name>NoTileTile</name>
                <type>com.google.android.gms.maps.model.Tile</type>
            </parameter>
        </method>
        <method>
            <name>Initialize</name>
            <comment>Initialize the MapsForgeTileProvider.
 You must have set any MapsForgeTileProviderOptions required options before calling Initialize.</comment>
            <returntype>void</returntype>
        </method>
        <method>
            <name>SetTextScale</name>
            <comment>Sets the text scale.
 Default value is 1.</comment>
            <returntype>void</returntype>
            <parameter>
                <name>TextScale</name>
                <type>float</type>
            </parameter>
        </method>
        <method>
            <name>GetMapsForgeTileProviderOptions</name>
            <comment>Gets the MapsForgeTileProviderOptions that will be used when the MapsForgeTileProvider Initialize method is called.</comment>
            <returntype>uk.co.martinpearman.b4a.mapsforge.android.maps.MapsForgeTileProvider.MapsForgeTileProviderOptions</returntype>
        </method>
        <method>
            <name>IsInitialized</name>
            <comment></comment>
            <returntype>boolean</returntype>
        </method>
        <property>
            <name>MapDatabase</name>
            <returntype>uk.co.martinpearman.b4a.mapsforge.map.reader.MapDatabase</returntype>
            <comment></comment>
        </property>
    </class>
    <class>
        <name>uk.co.martinpearman.b4a.mapsforge.android.maps.MapsForgeTileProvider.MapsForgeTileProviderOptions</name>
        <shortname>MapsForgeTileProviderOptions</shortname>
        <owner>process</owner>
        <method>
            <name>SetNoTileTile</name>
            <comment>Optionally set the Tile to be used when there is no tile available from the MapsForge map database.</comment>
            <returntype>uk.co.martinpearman.b4a.mapsforge.android.maps.MapsForgeTileProvider.MapsForgeTileProviderOptions</returntype>
            <parameter>
                <name>NoTileTile</name>
                <type>com.google.android.gms.maps.model.Tile</type>
            </parameter>
        </method>
        <method>
            <name>SetRenderTheme</name>
            <comment>Optionally set a custom RenderTheme to be used to render tiles.
 Default value is Null which means that the built in default RenderTheme will be used.</comment>
            <returntype>uk.co.martinpearman.b4a.mapsforge.android.maps.MapsForgeTileProvider.MapsForgeTileProviderOptions</returntype>
            <parameter>
                <name>InputStream1</name>
                <type>java.io.InputStream</type>
            </parameter>
        </method>
        <method>
            <name>SetTextScale</name>
            <comment>Optionally set the text scale.
 Default value is 1.</comment>
            <returntype>uk.co.martinpearman.b4a.mapsforge.android.maps.MapsForgeTileProvider.MapsForgeTileProviderOptions</returntype>
            <parameter>
                <name>TextScale</name>
                <type>float</type>
            </parameter>
        </method>
        <method>
            <name>SetMapDatabaseFile</name>
            <comment>Set the path to the MapsForge map database file.</comment>
            <returntype>uk.co.martinpearman.b4a.mapsforge.android.maps.MapsForgeTileProvider.MapsForgeTileProviderOptions</returntype>
            <parameter>
                <name>Dir</name>
                <type>java.lang.String</type>
            </parameter>
            <parameter>
                <name>FileName</name>
                <type>java.lang.String</type>
            </parameter>
        </method>
        <method>
            <name>SetBitmapConfig</name>
            <comment>Optionally set the Bitmap.Config for the rendered tiles.
 Default value is BITMAP_CONFIG_RGB_565.</comment>
            <returntype>uk.co.martinpearman.b4a.mapsforge.android.maps.MapsForgeTileProvider.MapsForgeTileProviderOptions</returntype>
            <parameter>
                <name>BitmapConfig</name>
                <type EnumType="true">android.graphics.Bitmap.Config</type>
            </parameter>
        </method>
        <method>
            <name>SetDebugSettings</name>
            <comment>Optionally set the DebugSettings.
 Default values are:
 DrawTileCoordinates - False.
 DrawTileFrames - False.
 HighlightWaterTiles - False.</comment>
            <returntype>uk.co.martinpearman.b4a.mapsforge.android.maps.MapsForgeTileProvider.MapsForgeTileProviderOptions</returntype>
            <parameter>
                <name>DrawTileCoordinates</name>
                <type>boolean</type>
            </parameter>
            <parameter>
                <name>DrawTileFrames</name>
                <type>boolean</type>
            </parameter>
            <parameter>
                <name>HighlightWaterTiles</name>
                <type>boolean</type>
            </parameter>
        </method>
        <field>
            <name>BITMAP_CONFIG_RGB_565</name>
            <comment>Each pixel is stored on 2 bytes and only the RGB channels are encoded.</comment>
            <returntype EnumType="true">android.graphics.Bitmap.Config</returntype>
        </field>
        <field>
            <name>BITMAP_CONFIG_ARGB_8888</name>
            <comment>Each pixel is stored on 4 bytes.
 Each channel (RGB and alpha for translucency) is stored with 8 bits of precision.</comment>
            <returntype EnumType="true">android.graphics.Bitmap.Config</returntype>
        </field>
    </class>
    <class>
        <name>uk.co.martinpearman.b4a.mapsforge.map.reader.MapDatabase</name>
        <shortname>MapDatabase</shortname>
        <objectwrapper>org.mapsforge.map.reader.MapDatabase</objectwrapper>
        <owner>process</owner>
        <method>
            <name>CloseFile</name>
            <comment>Closes the map file and destroys all internal caches.</comment>
            <returntype>void</returntype>
        </method>
        <method>
            <name>IsInitialized</name>
            <comment></comment>
            <returntype>boolean</returntype>
        </method>
        <method>
            <name>HasOpenFile</name>
            <comment>Returns True if a map file is currently opened, False otherwise.</comment>
            <returntype>boolean</returntype>
        </method>
        <property>
            <name>MapFileInfo</name>
            <returntype>uk.co.martinpearman.b4a.mapsforge.map.reader.header.MapFileInfo</returntype>
            <comment></comment>
        </property>
    </class>
    <class>
        <name>uk.co.martinpearman.b4a.mapsforge.map.reader.header.MapFileInfo</name>
        <shortname>MapFileInfo</shortname>
        <objectwrapper>org.mapsforge.map.reader.header.MapFileInfo</objectwrapper>
        <owner>process</owner>
        <method>
            <name>IsInitialized</name>
            <comment></comment>
            <returntype>boolean</returntype>
        </method>
        <property>
            <name>PoiTags</name>
            <returntype>uk.co.martinpearman.b4a.mapsforge.core.Tag[]</returntype>
            <comment>Get the POI Tags from the map database.</comment>
        </property>
        <property>
            <name>FileSize</name>
            <returntype>long</returntype>
            <comment>Get the size of the map database, measured in bytes.</comment>
        </property>
        <property>
            <name>MapDate</name>
            <returntype>long</returntype>
            <comment>Get the date of the map database in milliseconds since January 1, 1970.</comment>
        </property>
        <property>
            <name>LatLngBounds</name>
            <returntype>uk.co.martinpearman.b4a.com.google.android.gms.maps.model.LatLngBounds</returntype>
            <comment>Get the area covered by the map database file as a LatLngBounds object.</comment>
        </property>
        <property>
            <name>WayTags</name>
            <returntype>uk.co.martinpearman.b4a.mapsforge.core.Tag[]</returntype>
            <comment>Get the way Tags from the map database.</comment>
        </property>
        <property>
            <name>StartLatLng</name>
            <returntype>anywheresoftware.b4a.objects.MapFragmentWrapper.LatLngWrapper</returntype>
            <comment>Get the map database start position.
The start position can be set when the map database is created.
It may not have been set, in which case this method will return a LatLng that is NOT initialized.</comment>
        </property>
        <property>
            <name>StartZoomLevel</name>
            <returntype>int</returntype>
            <comment>Get the map start zoom level
The start zoom can be set when the map database is created.
It may not have been set, in which case this method will return a value of -1.</comment>
        </property>
        <property>
            <name>CreatedBy</name>
            <returntype>java.lang.String</returntype>
            <comment>Get the created by field of the map database.
The created by field can be set when the map database is created.
It may not have been set, in which case this method will return an empty String "".</comment>
        </property>
        <property>
            <name>Comment</name>
            <returntype>java.lang.String</returntype>
            <comment>Get the comment field of the map database.
The comment field can be set when the map database is created.
It may not have been set, in which case this method will return an empty String "".</comment>
        </property>
        <property>
            <name>LanguagePreference</name>
            <returntype>java.lang.String</returntype>
            <comment>Get the preferred language for names as defined in ISO 3166-1.
The preferred language for names can be set when the map database is created.
It may not have been set, in which case this method will return an empty String "".</comment>
        </property>
        <property>
            <name>FileVersion</name>
            <returntype>int</returntype>
            <comment>Get the file version of the map database.</comment>
        </property>
    </class>
    <version>1.01</version>
    <comment>MapsForgeTileProvider enables you to render a MapsForge map database file on a GoogleMap.
 The GoogleMapsExtras library is required in order to use MapsForgeTileProvider.</comment>
    <author>Martin Pearman</author>
</root>
