<?xml version="1.0" encoding="UTF-8"?>
<root>
    <doclet-version-NOT-library-version>1.04</doclet-version-NOT-library-version>
    <class>
        <name>uk.co.martinpearman.b4a.com.google.android.gms.maps.Projection</name>
        <shortname>Projection</shortname>
        <objectwrapper>com.google.android.gms.maps.Projection</objectwrapper>
        <owner>process</owner>
        <method>
            <name>GetVisibleRegion</name>
            <comment>Gets a projection of the viewing frustum for converting between screen coordinates and geo-latitude/longitude coordinates.</comment>
            <returntype>uk.co.martinpearman.b4a.com.google.android.gms.maps.model.VisibleRegion</returntype>
        </method>
        <method>
            <name>ToScreenLocation</name>
            <comment>Returns a screen location that corresponds to a geographical coordinate.</comment>
            <returntype>uk.co.martinpearman.b4a.android.graphics.Point</returntype>
            <parameter>
                <name>LatLng1</name>
                <type>com.google.android.gms.maps.model.LatLng</type>
            </parameter>
        </method>
        <method>
            <name>FromScreenLocation</name>
            <comment>Returns the geographic location that corresponds to a screen location.</comment>
            <returntype>anywheresoftware.b4a.objects.MapFragmentWrapper.LatLngWrapper</returntype>
            <parameter>
                <name>Point1</name>
                <type>android.graphics.Point</type>
            </parameter>
        </method>
        <method>
            <name>IsInitialized</name>
            <comment></comment>
            <returntype>boolean</returntype>
        </method>
    </class>
    <class>
        <name>uk.co.martinpearman.b4a.com.google.android.gms.maps.CameraUpdateFactory</name>
        <shortname>CameraUpdateFactory</shortname>
        <owner>process</owner>
        <method>
            <name>ZoomIn</name>
            <comment></comment>
            <returntype>uk.co.martinpearman.b4a.com.google.android.gms.maps.CameraUpdate</returntype>
        </method>
        <method>
            <name>ZoomBy</name>
            <comment></comment>
            <returntype>uk.co.martinpearman.b4a.com.google.android.gms.maps.CameraUpdate</returntype>
            <parameter>
                <name>Amount</name>
                <type>float</type>
            </parameter>
            <parameter>
                <name>Point1</name>
                <type>android.graphics.Point</type>
            </parameter>
        </method>
        <method>
            <name>ZoomBy2</name>
            <comment></comment>
            <returntype>uk.co.martinpearman.b4a.com.google.android.gms.maps.CameraUpdate</returntype>
            <parameter>
                <name>Amount</name>
                <type>float</type>
            </parameter>
        </method>
        <method>
            <name>ScrollBy</name>
            <comment></comment>
            <returntype>uk.co.martinpearman.b4a.com.google.android.gms.maps.CameraUpdate</returntype>
            <parameter>
                <name>XPixel</name>
                <type>float</type>
            </parameter>
            <parameter>
                <name>YPixel</name>
                <type>float</type>
            </parameter>
        </method>
        <method>
            <name>NewCameraPosition</name>
            <comment></comment>
            <returntype>uk.co.martinpearman.b4a.com.google.android.gms.maps.CameraUpdate</returntype>
            <parameter>
                <name>CameraPosition1</name>
                <type>com.google.android.gms.maps.model.CameraPosition</type>
            </parameter>
        </method>
        <method>
            <name>ZoomOut</name>
            <comment></comment>
            <returntype>uk.co.martinpearman.b4a.com.google.android.gms.maps.CameraUpdate</returntype>
        </method>
        <method>
            <name>ZoomTo</name>
            <comment></comment>
            <returntype>uk.co.martinpearman.b4a.com.google.android.gms.maps.CameraUpdate</returntype>
            <parameter>
                <name>ZoomLevel</name>
                <type>float</type>
            </parameter>
        </method>
        <method>
            <name>NewLatLngBounds2</name>
            <comment></comment>
            <returntype>uk.co.martinpearman.b4a.com.google.android.gms.maps.CameraUpdate</returntype>
            <parameter>
                <name>LatLngBounds1</name>
                <type>com.google.android.gms.maps.model.LatLngBounds</type>
            </parameter>
            <parameter>
                <name>Width</name>
                <type>int</type>
            </parameter>
            <parameter>
                <name>Height</name>
                <type>int</type>
            </parameter>
            <parameter>
                <name>Padding</name>
                <type>int</type>
            </parameter>
        </method>
        <method>
            <name>NewLatLngZoom</name>
            <comment></comment>
            <returntype>uk.co.martinpearman.b4a.com.google.android.gms.maps.CameraUpdate</returntype>
            <parameter>
                <name>LatLng1</name>
                <type>com.google.android.gms.maps.model.LatLng</type>
            </parameter>
            <parameter>
                <name>Zoom</name>
                <type>float</type>
            </parameter>
        </method>
        <method>
            <name>NewLatLngBounds</name>
            <comment></comment>
            <returntype>uk.co.martinpearman.b4a.com.google.android.gms.maps.CameraUpdate</returntype>
            <parameter>
                <name>LatLngBounds1</name>
                <type>com.google.android.gms.maps.model.LatLngBounds</type>
            </parameter>
            <parameter>
                <name>Padding</name>
                <type>int</type>
            </parameter>
        </method>
        <method>
            <name>NewLatLng</name>
            <comment></comment>
            <returntype>uk.co.martinpearman.b4a.com.google.android.gms.maps.CameraUpdate</returntype>
            <parameter>
                <name>LatLng1</name>
                <type>com.google.android.gms.maps.model.LatLng</type>
            </parameter>
        </method>
    </class>
    <class>
        <name>uk.co.martinpearman.b4a.com.google.android.gms.maps.CameraUpdate</name>
        <shortname>CameraUpdate</shortname>
        <objectwrapper>com.google.android.gms.maps.CameraUpdate</objectwrapper>
        <owner>process</owner>
        <method>
            <name>IsInitialized</name>
            <comment></comment>
            <returntype>boolean</returntype>
        </method>
    </class>
    <class>
        <name>uk.co.martinpearman.b4a.android.graphics.Point</name>
        <shortname>Point</shortname>
        <objectwrapper>android.graphics.Point</objectwrapper>
        <owner>process</owner>
        <method>
            <name>Initialize</name>
            <comment></comment>
            <returntype>void</returntype>
            <parameter>
                <name>X</name>
                <type>int</type>
            </parameter>
            <parameter>
                <name>Y</name>
                <type>int</type>
            </parameter>
        </method>
        <method>
            <name>Offset</name>
            <comment>Offset the point's coordinates by Dx, Dy.</comment>
            <returntype>void</returntype>
            <parameter>
                <name>Dx</name>
                <type>int</type>
            </parameter>
            <parameter>
                <name>Dy</name>
                <type>int</type>
            </parameter>
        </method>
        <method>
            <name>Set</name>
            <comment>Set the point's X and Y coordinates .</comment>
            <returntype>void</returntype>
            <parameter>
                <name>X</name>
                <type>int</type>
            </parameter>
            <parameter>
                <name>Y</name>
                <type>int</type>
            </parameter>
        </method>
        <method>
            <name>Negate</name>
            <comment>Negate the point's coordinates.</comment>
            <returntype>void</returntype>
        </method>
        <method>
            <name>IsInitialized</name>
            <comment></comment>
            <returntype>boolean</returntype>
        </method>
        <property>
            <name>Y</name>
            <returntype>int</returntype>
            <comment></comment>
        </property>
        <property>
            <name>X</name>
            <returntype>int</returntype>
            <comment></comment>
        </property>
    </class>
    <class>
        <name>uk.co.martinpearman.b4a.com.google.android.gms.maps.googlemap.OnInfoWindowClickListener</name>
        <shortname>OnInfoWindowClickListener</shortname>
        <objectwrapper>com.google.android.gms.maps.GoogleMap.OnInfoWindowClickListener</objectwrapper>
        <owner>activity</owner>
        <event>Click(Marker1 As Marker)</event>
        <method>
            <name>Initialize</name>
            <comment>Initialize the OnInfoWindowClickListener.</comment>
            <returntype>void</returntype>
            <parameter>
                <name>pBA</name>
                <type>anywheresoftware.b4a.BA</type>
            </parameter>
            <parameter>
                <name>EventName</name>
                <type>java.lang.String</type>
            </parameter>
        </method>
        <method>
            <name>IsInitialized</name>
            <comment></comment>
            <returntype>boolean</returntype>
        </method>
    </class>
    <class>
        <name>uk.co.martinpearman.b4a.com.google.android.gms.maps.googlemap.OnMyLocationButtonClickListener</name>
        <shortname>OnMyLocationButtonClickListener</shortname>
        <objectwrapper>com.google.android.gms.maps.GoogleMap.OnMyLocationButtonClickListener</objectwrapper>
        <owner>process</owner>
        <event>MyLocationButtonClick As Boolean</event>
        <method>
            <name>Initialize</name>
            <comment></comment>
            <returntype>void</returntype>
            <parameter>
                <name>pBA</name>
                <type>anywheresoftware.b4a.BA</type>
            </parameter>
            <parameter>
                <name>EventName</name>
                <type>java.lang.String</type>
            </parameter>
        </method>
        <method>
            <name>IsInitialized</name>
            <comment></comment>
            <returntype>boolean</returntype>
        </method>
    </class>
    <class>
        <name>uk.co.martinpearman.b4a.com.google.android.gms.maps.googlemap.OnMyLocationChangeListener</name>
        <shortname>OnMyLocationChangeListener</shortname>
        <objectwrapper>com.google.android.gms.maps.GoogleMap.OnMyLocationChangeListener</objectwrapper>
        <owner>process</owner>
        <event>MyLocationChange(Location1 As Location)</event>
        <method>
            <name>Initialize</name>
            <comment></comment>
            <returntype>void</returntype>
            <parameter>
                <name>pBA</name>
                <type>anywheresoftware.b4a.BA</type>
            </parameter>
            <parameter>
                <name>EventName</name>
                <type>java.lang.String</type>
            </parameter>
        </method>
        <method>
            <name>IsInitialized</name>
            <comment></comment>
            <returntype>boolean</returntype>
        </method>
    </class>
    <class>
        <name>uk.co.martinpearman.b4a.com.google.android.gms.maps.googlemap.OnMarkerDragListener</name>
        <shortname>OnMarkerDragListener</shortname>
        <objectwrapper>com.google.android.gms.maps.GoogleMap.OnMarkerDragListener</objectwrapper>
        <owner>activity</owner>
        <event>Drag(Marker1 As Marker)</event>
        <event>DragEnd(Marker1 As Marker)</event>
        <event>DragStart(Marker1 As Marker)</event>
        <method>
            <name>Initialize</name>
            <comment>Initialize the OnMarkerDragListener.</comment>
            <returntype>void</returntype>
            <parameter>
                <name>pBA</name>
                <type>anywheresoftware.b4a.BA</type>
            </parameter>
            <parameter>
                <name>EventName</name>
                <type>java.lang.String</type>
            </parameter>
        </method>
        <method>
            <name>IsInitialized</name>
            <comment></comment>
            <returntype>boolean</returntype>
        </method>
    </class>
    <class>
        <name>uk.co.martinpearman.b4a.com.google.android.gms.maps.googlemap.OnMapLoadedCallback</name>
        <shortname>OnMapLoadedCallback</shortname>
        <objectwrapper>com.google.android.gms.maps.GoogleMap.OnMapLoadedCallback</objectwrapper>
        <owner>process</owner>
        <event>MapLoaded</event>
        <method>
            <name>Initialize</name>
            <comment>Initialize the OnMapLoadedCallback object.
 The MapLoaded event will be raised when the map has finished rendering.
 This occurs after all tiles required to render the map have been fetched, and all labelling is complete.
 This event will not be raised if the map never loads due to connectivity issues,
 or if the map is continuously changing and never completes loading due to the user constantly interacting with the map.
 This event will only be raised once. You must request another callback if you want to be notified again.</comment>
            <returntype>void</returntype>
            <parameter>
                <name>pBA</name>
                <type>anywheresoftware.b4a.BA</type>
            </parameter>
            <parameter>
                <name>EventName</name>
                <type>java.lang.String</type>
            </parameter>
        </method>
        <method>
            <name>IsInitialized</name>
            <comment></comment>
            <returntype>boolean</returntype>
        </method>
    </class>
    <class>
        <name>uk.co.martinpearman.b4a.com.google.android.gms.maps.googlemap.InfoWindowAdapter</name>
        <shortname>InfoWindowAdapter</shortname>
        <objectwrapper>com.google.android.gms.maps.GoogleMap.InfoWindowAdapter</objectwrapper>
        <owner>process</owner>
        <event>GetInfoContents(Marker1 As Marker) As View</event>
        <event>GetInfoWindow(Marker1 As Marker) As View</event>
        <method>
            <name>Initialize</name>
            <comment></comment>
            <returntype>void</returntype>
            <parameter>
                <name>pBA</name>
                <type>anywheresoftware.b4a.BA</type>
            </parameter>
            <parameter>
                <name>EventName</name>
                <type>java.lang.String</type>
            </parameter>
        </method>
        <method>
            <name>IsInitialized</name>
            <comment></comment>
            <returntype>boolean</returntype>
        </method>
    </class>
    <class>
        <name>uk.co.martinpearman.b4a.com.google.android.gms.maps.googlemap.CancelableCallback</name>
        <shortname>CancelableCallback</shortname>
        <objectwrapper>com.google.android.gms.maps.GoogleMap.CancelableCallback</objectwrapper>
        <owner>process</owner>
        <event>Cancel</event>
        <event>Finish</event>
        <method>
            <name>Initialize</name>
            <comment></comment>
            <returntype>void</returntype>
            <parameter>
                <name>pBA</name>
                <type>anywheresoftware.b4a.BA</type>
            </parameter>
            <parameter>
                <name>EventName</name>
                <type>java.lang.String</type>
            </parameter>
        </method>
        <method>
            <name>IsInitialized</name>
            <comment></comment>
            <returntype>boolean</returntype>
        </method>
    </class>
    <class>
        <name>uk.co.martinpearman.b4a.com.google.android.gms.maps.model.GroundOverlay</name>
        <shortname>GroundOverlay</shortname>
        <objectwrapper>com.google.android.gms.maps.model.GroundOverlay</objectwrapper>
        <owner>process</owner>
        <method>
            <name>IsVisible</name>
            <comment></comment>
            <returntype>boolean</returntype>
        </method>
        <method>
            <name>SetDimensions</name>
            <comment></comment>
            <returntype>void</returntype>
            <parameter>
                <name>Width</name>
                <type>float</type>
            </parameter>
        </method>
        <method>
            <name>Remove</name>
            <comment></comment>
            <returntype>void</returntype>
        </method>
        <method>
            <name>IsInitialized</name>
            <comment></comment>
            <returntype>boolean</returntype>
        </method>
        <method>
            <name>SetDimensions2</name>
            <comment></comment>
            <returntype>void</returntype>
            <parameter>
                <name>Width</name>
                <type>float</type>
            </parameter>
            <parameter>
                <name>Height</name>
                <type>float</type>
            </parameter>
        </method>
        <property>
            <name>Transparency</name>
            <returntype>float</returntype>
            <parameter>
                <name>Transparency</name>
                <type>float</type>
            </parameter>
            <comment></comment>
        </property>
        <property>
            <name>ZIndex</name>
            <returntype>float</returntype>
            <parameter>
                <name>ZIndex</name>
                <type>float</type>
            </parameter>
            <comment></comment>
        </property>
        <property>
            <name>Visible</name>
            <parameter>
                <name>Visible</name>
                <type>boolean</type>
            </parameter>
            <comment></comment>
        </property>
        <property>
            <name>PositionFromBounds</name>
            <parameter>
                <name>Bounds</name>
                <type>com.google.android.gms.maps.model.LatLngBounds</type>
            </parameter>
            <comment></comment>
        </property>
        <property>
            <name>Image</name>
            <parameter>
                <name>Bitmap1</name>
                <type>android.graphics.Bitmap</type>
            </parameter>
            <comment>Sets the image for the Ground Overlay using a Bitmap.
 The new image will occupy the same bounds as the old image.</comment>
        </property>
        <property>
            <name>Bounds</name>
            <returntype>uk.co.martinpearman.b4a.com.google.android.gms.maps.model.LatLngBounds</returntype>
            <comment></comment>
        </property>
        <property>
            <name>Image2</name>
            <parameter>
                <name>BitmapDescriptor1</name>
                <type>com.google.android.gms.maps.model.BitmapDescriptor</type>
            </parameter>
            <comment>Sets the image for the Ground Overlay using a BitmapDescriptor.
 The new image will occupy the same bounds as the old image.</comment>
        </property>
        <property>
            <name>Position</name>
            <returntype>anywheresoftware.b4a.objects.MapFragmentWrapper.LatLngWrapper</returntype>
            <parameter>
                <name>Position</name>
                <type>com.google.android.gms.maps.model.LatLng</type>
            </parameter>
            <comment></comment>
        </property>
        <property>
            <name>Height</name>
            <returntype>float</returntype>
            <comment></comment>
        </property>
        <property>
            <name>Id</name>
            <returntype>java.lang.String</returntype>
            <comment></comment>
        </property>
        <property>
            <name>Width</name>
            <returntype>float</returntype>
            <comment></comment>
        </property>
        <property>
            <name>Bearing</name>
            <returntype>float</returntype>
            <parameter>
                <name>Bearing</name>
                <type>float</type>
            </parameter>
            <comment></comment>
        </property>
    </class>
    <class>
        <name>uk.co.martinpearman.b4a.com.google.android.gms.maps.model.LatLngBounds</name>
        <shortname>LatLngBounds</shortname>
        <objectwrapper>com.google.android.gms.maps.model.LatLngBounds</objectwrapper>
        <owner>process</owner>
        <method>
            <name>Initialize</name>
            <comment>Initialize the LatLngBounds.</comment>
            <returntype>void</returntype>
            <parameter>
                <name>SouthWest</name>
                <type>com.google.android.gms.maps.model.LatLng</type>
            </parameter>
            <parameter>
                <name>NorthEast</name>
                <type>com.google.android.gms.maps.model.LatLng</type>
            </parameter>
        </method>
        <method>
            <name>Contains</name>
            <comment>Returns whether this LatLngBounds contains LatLng1.</comment>
            <returntype>boolean</returntype>
            <parameter>
                <name>LatLng1</name>
                <type>com.google.android.gms.maps.model.LatLng</type>
            </parameter>
        </method>
        <method>
            <name>IsInitialized</name>
            <comment></comment>
            <returntype>boolean</returntype>
        </method>
        <method>
            <name>Including</name>
            <comment>Returns a new LatLngBounds that extends this LatLngBounds to include the given LatLng.</comment>
            <returntype>uk.co.martinpearman.b4a.com.google.android.gms.maps.model.LatLngBounds</returntype>
            <parameter>
                <name>LatLng1</name>
                <type>com.google.android.gms.maps.model.LatLng</type>
            </parameter>
        </method>
        <property>
            <name>SouthWest</name>
            <returntype>anywheresoftware.b4a.objects.MapFragmentWrapper.LatLngWrapper</returntype>
            <comment>Returns south-west corner of this LatLngBounds as a LatLng.</comment>
        </property>
        <property>
            <name>Center</name>
            <returntype>anywheresoftware.b4a.objects.MapFragmentWrapper.LatLngWrapper</returntype>
            <comment>Returns the center of this LatLngBounds.
 The center is simply the average of the coordinates (taking into account if it crosses the antimeridian).
 This is approximately the geographical center (it would be exact if the Earth were a perfect sphere).
 It will not necessarily be the center of the rectangle as drawn on the map due to the Mercator projection.</comment>
        </property>
        <property>
            <name>NorthEast</name>
            <returntype>anywheresoftware.b4a.objects.MapFragmentWrapper.LatLngWrapper</returntype>
            <comment>Returns north-east corner of this LatLngBounds as a LatLng.</comment>
        </property>
    </class>
    <class>
        <name>uk.co.martinpearman.b4a.com.google.android.gms.maps.model.Tile</name>
        <shortname>Tile</shortname>
        <objectwrapper>com.google.android.gms.maps.model.Tile</objectwrapper>
        <owner>process</owner>
        <method>
            <name>Initialize</name>
            <comment></comment>
            <returntype>void</returntype>
            <parameter>
                <name>Width</name>
                <type>int</type>
            </parameter>
            <parameter>
                <name>Height</name>
                <type>int</type>
            </parameter>
            <parameter>
                <name>Data</name>
                <type>byte[]</type>
            </parameter>
        </method>
        <method>
            <name>IsInitialized</name>
            <comment></comment>
            <returntype>boolean</returntype>
        </method>
    </class>
    <class>
        <name>uk.co.martinpearman.b4a.com.google.android.gms.maps.model.BitmapDescriptor</name>
        <shortname>BitmapDescriptor</shortname>
        <objectwrapper>com.google.android.gms.maps.model.BitmapDescriptor</objectwrapper>
        <owner>process</owner>
        <method>
            <name>IsInitialized</name>
            <comment></comment>
            <returntype>boolean</returntype>
        </method>
    </class>
    <class>
        <name>uk.co.martinpearman.b4a.com.google.android.gms.maps.model.Polygon</name>
        <shortname>Polygon</shortname>
        <objectwrapper>com.google.android.gms.maps.model.Polygon</objectwrapper>
        <owner>process</owner>
        <method>
            <name>Remove</name>
            <comment>Remove this polygon from the map.</comment>
            <returntype>void</returntype>
        </method>
        <method>
            <name>IsInitialized</name>
            <comment></comment>
            <returntype>boolean</returntype>
        </method>
        <property>
            <name>ZIndex</name>
            <returntype>float</returntype>
            <parameter>
                <name>ZIndex</name>
                <type>float</type>
            </parameter>
            <comment>Get or Set the ZIndex of this polygon.</comment>
        </property>
        <property>
            <name>StrokeWidth</name>
            <returntype>float</returntype>
            <parameter>
                <name>StrokeWidth</name>
                <type>float</type>
            </parameter>
            <comment>Get or Set the stroke width of this polygon.</comment>
        </property>
        <property>
            <name>Visible</name>
            <returntype>boolean</returntype>
            <parameter>
                <name>Visible</name>
                <type>boolean</type>
            </parameter>
            <comment>Get or Set the visibility of this polygon.</comment>
        </property>
        <property>
            <name>FillColor</name>
            <returntype>int</returntype>
            <parameter>
                <name>FillColor</name>
                <type>int</type>
            </parameter>
            <comment>Get or Set the fill color of this polygon.</comment>
        </property>
        <property>
            <name>StrokeColor</name>
            <returntype>int</returntype>
            <parameter>
                <name>StrokeColor</name>
                <type>int</type>
            </parameter>
            <comment>Get or Set the stroke color of this polygon.</comment>
        </property>
        <property>
            <name>Points</name>
            <returntype>anywheresoftware.b4a.objects.collections.List</returntype>
            <parameter>
                <name>points</name>
                <type>anywheresoftware.b4a.objects.collections.List</type>
            </parameter>
            <comment>Get or Set the list of points that build the polyline.
 To Add vertices to the outline of the polygon being built, the vertices must be added in counterclockwise order.
 The list should hold objects of type LatLng.</comment>
        </property>
        <property>
            <name>Geodesic</name>
            <returntype>boolean</returntype>
            <parameter>
                <name>Geodesic</name>
                <type>boolean</type>
            </parameter>
            <comment>Get or Set whether the line segments are geodesic lines (shortest path on the earth surface) or straight lines.
 The default value is False.</comment>
        </property>
        <property>
            <name>Holes</name>
            <returntype>anywheresoftware.b4a.objects.collections.List</returntype>
            <parameter>
                <name>Holes</name>
                <type>anywheresoftware.b4a.objects.collections.List</type>
            </parameter>
            <comment>Get or Set the holes of this polygon.
 Setting this property will take a copy of the holes, so further mutations to holes will have no effect on this polygon.
 Holes should be set using a List that contains a List of LatLng objects for each hole.</comment>
        </property>
    </class>
    <class>
        <name>uk.co.martinpearman.b4a.com.google.android.gms.maps.model.TileOverlayOptions</name>
        <shortname>TileOverlayOptions</shortname>
        <objectwrapper>com.google.android.gms.maps.model.TileOverlayOptions</objectwrapper>
        <owner>process</owner>
        <method>
            <name>Initialize</name>
            <comment>Initializes a new set of tile overlay options.</comment>
            <returntype>void</returntype>
        </method>
        <method>
            <name>SetFadeIn</name>
            <comment>Set whether the tiles should fade in.
  Default value is True.</comment>
            <returntype>uk.co.martinpearman.b4a.com.google.android.gms.maps.model.TileOverlayOptions</returntype>
            <parameter>
                <name>FadeIn</name>
                <type>boolean</type>
            </parameter>
        </method>
        <method>
            <name>SetTileProvider</name>
            <comment>Specifies the tile provider to use for this tile overlay.</comment>
            <returntype>uk.co.martinpearman.b4a.com.google.android.gms.maps.model.TileOverlayOptions</returntype>
            <parameter>
                <name>TileProvider1</name>
                <type>com.google.android.gms.maps.model.TileProvider</type>
            </parameter>
        </method>
        <method>
            <name>GetFadeIn</name>
            <comment></comment>
            <returntype>boolean</returntype>
        </method>
        <method>
            <name>SetVisible</name>
            <comment></comment>
            <returntype>uk.co.martinpearman.b4a.com.google.android.gms.maps.model.TileOverlayOptions</returntype>
            <parameter>
                <name>Visible</name>
                <type>boolean</type>
            </parameter>
        </method>
        <method>
            <name>SetZIndex</name>
            <comment></comment>
            <returntype>uk.co.martinpearman.b4a.com.google.android.gms.maps.model.TileOverlayOptions</returntype>
            <parameter>
                <name>ZIndex</name>
                <type>float</type>
            </parameter>
        </method>
        <method>
            <name>GetZIndex</name>
            <comment></comment>
            <returntype>float</returntype>
        </method>
        <method>
            <name>IsVisible</name>
            <comment>Returns the visibility setting for this TileOverlayOptions object.</comment>
            <returntype>boolean</returntype>
        </method>
        <method>
            <name>IsInitialized</name>
            <comment></comment>
            <returntype>boolean</returntype>
        </method>
    </class>
    <class>
        <name>uk.co.martinpearman.b4a.com.google.android.gms.maps.model.MarkerOptions</name>
        <shortname>MarkerOptions</shortname>
        <objectwrapper>com.google.android.gms.maps.model.MarkerOptions</objectwrapper>
        <owner>process</owner>
        <method>
            <name>Alpha</name>
            <comment>Sets the alpha (opacity) of the marker.
 This is a value from 0 to 1, where 0 means the marker is completely transparent and 1 means the marker is completely opaque.</comment>
            <returntype>uk.co.martinpearman.b4a.com.google.android.gms.maps.model.MarkerOptions</returntype>
            <parameter>
                <name>Alpha</name>
                <type>float</type>
            </parameter>
        </method>
        <method>
            <name>Visible</name>
            <comment>Sets the visibility for the marker.</comment>
            <returntype>uk.co.martinpearman.b4a.com.google.android.gms.maps.model.MarkerOptions</returntype>
            <parameter>
                <name>Visible</name>
                <type>boolean</type>
            </parameter>
        </method>
        <method>
            <name>GetPosition</name>
            <comment>Returns the position set for this MarkerOptions object.</comment>
            <returntype>anywheresoftware.b4a.objects.MapFragmentWrapper.LatLngWrapper</returntype>
        </method>
        <method>
            <name>Draggable</name>
            <comment>Sets the draggability for the marker.</comment>
            <returntype>uk.co.martinpearman.b4a.com.google.android.gms.maps.model.MarkerOptions</returntype>
            <parameter>
                <name>Draggable</name>
                <type>boolean</type>
            </parameter>
        </method>
        <method>
            <name>IsDraggable</name>
            <comment>Gets the draggability setting for this MarkerOptions object.</comment>
            <returntype>boolean</returntype>
        </method>
        <method>
            <name>IsVisible</name>
            <comment>Gets the visibility setting for this MarkerOptions object.</comment>
            <returntype>boolean</returntype>
        </method>
        <method>
            <name>Rotate</name>
            <comment></comment>
            <returntype>uk.co.martinpearman.b4a.com.google.android.gms.maps.model.MarkerOptions</returntype>
            <parameter>
                <name>Rotation</name>
                <type>float</type>
            </parameter>
        </method>
        <method>
            <name>GetTitle</name>
            <comment>Gets the title set for this MarkerOptions object.</comment>
            <returntype>java.lang.String</returntype>
        </method>
        <method>
            <name>IsInitialized</name>
            <comment></comment>
            <returntype>boolean</returntype>
        </method>
        <method>
            <name>Initialize</name>
            <comment>Creates a new set of MarkerOptions.</comment>
            <returntype>void</returntype>
        </method>
        <method>
            <name>Snippet</name>
            <comment>Sets the snippet for the marker.</comment>
            <returntype>uk.co.martinpearman.b4a.com.google.android.gms.maps.model.MarkerOptions</returntype>
            <parameter>
                <name>Snippet</name>
                <type>java.lang.String</type>
            </parameter>
        </method>
        <method>
            <name>GetAnchorU</name>
            <comment>Horizontal distance, normalized to [0, 1], of the anchor from the left edge.</comment>
            <returntype>float</returntype>
        </method>
        <method>
            <name>IsFlat</name>
            <comment>Gets the flat setting for this MarkerOptions object.</comment>
            <returntype>boolean</returntype>
        </method>
        <method>
            <name>GetAnchorV</name>
            <comment>Vertical distance, normalized to [0, 1], of the anchor from the top edge.</comment>
            <returntype>float</returntype>
        </method>
        <method>
            <name>Title</name>
            <comment>Sets the title for the marker.</comment>
            <returntype>uk.co.martinpearman.b4a.com.google.android.gms.maps.model.MarkerOptions</returntype>
            <parameter>
                <name>Title</name>
                <type>java.lang.String</type>
            </parameter>
        </method>
        <method>
            <name>GetAlpha</name>
            <comment>Gets the alpha that has been set for this MarkerOptions object.</comment>
            <returntype>float</returntype>
        </method>
        <method>
            <name>GetInfoWindowAnchorV</name>
            <comment></comment>
            <returntype>float</returntype>
        </method>
        <method>
            <name>GetInfoWindowAnchorU</name>
            <comment></comment>
            <returntype>float</returntype>
        </method>
        <method>
            <name>GetRotation</name>
            <comment>Gets the rotation set for this MarkerOptions.</comment>
            <returntype>float</returntype>
        </method>
        <method>
            <name>Anchor</name>
            <comment>Specifies the anchor to be at a particular point in the marker image.</comment>
            <returntype>uk.co.martinpearman.b4a.com.google.android.gms.maps.model.MarkerOptions</returntype>
            <parameter>
                <name>U</name>
                <type>float</type>
            </parameter>
            <parameter>
                <name>V</name>
                <type>float</type>
            </parameter>
        </method>
        <method>
            <name>Flat</name>
            <comment>Sets whether this Marker should be flat against the map (True) or a billboard facing the camera (False).</comment>
            <returntype>uk.co.martinpearman.b4a.com.google.android.gms.maps.model.MarkerOptions</returntype>
            <parameter>
                <name>Flat</name>
                <type>boolean</type>
            </parameter>
        </method>
        <method>
            <name>GetIcon</name>
            <comment>Gets the custom icon set for this MarkerOptions object.</comment>
            <returntype>uk.co.martinpearman.b4a.com.google.android.gms.maps.model.BitmapDescriptor</returntype>
        </method>
        <method>
            <name>Position</name>
            <comment>Sets the location for the marker using a LatLng.</comment>
            <returntype>uk.co.martinpearman.b4a.com.google.android.gms.maps.model.MarkerOptions</returntype>
            <parameter>
                <name>LatLng1</name>
                <type>com.google.android.gms.maps.model.LatLng</type>
            </parameter>
        </method>
        <method>
            <name>GetSnippet</name>
            <comment>Gets the snippet set for this MarkerOptions object.</comment>
            <returntype>java.lang.String</returntype>
        </method>
        <method>
            <name>Position2</name>
            <comment>Sets the location for the marker using latitude and longitude values.</comment>
            <returntype>uk.co.martinpearman.b4a.com.google.android.gms.maps.model.MarkerOptions</returntype>
            <parameter>
                <name>Latitude</name>
                <type>double</type>
            </parameter>
            <parameter>
                <name>Longitude</name>
                <type>double</type>
            </parameter>
        </method>
        <method>
            <name>InfoWindowAnchor</name>
            <comment>Specifies the anchor point of the info window on the marker image.
 The default is the top middle of the image.
 U - coordinate of the info window anchor, as a ratio of the image width (in the range [0, 1]).
 V - coordinate of the info window anchor, as a ratio of the image height (in the range [0, 1]).</comment>
            <returntype>uk.co.martinpearman.b4a.com.google.android.gms.maps.model.MarkerOptions</returntype>
            <parameter>
                <name>U</name>
                <type>float</type>
            </parameter>
            <parameter>
                <name>V</name>
                <type>float</type>
            </parameter>
        </method>
        <method>
            <name>Icon</name>
            <comment>Sets the icon for the marker.</comment>
            <returntype>uk.co.martinpearman.b4a.com.google.android.gms.maps.model.MarkerOptions</returntype>
            <parameter>
                <name>BitmapDescriptor1</name>
                <type>com.google.android.gms.maps.model.BitmapDescriptor</type>
            </parameter>
        </method>
    </class>
    <class>
        <name>uk.co.martinpearman.b4a.com.google.android.gms.maps.model.VisibleRegion</name>
        <shortname>VisibleRegion</shortname>
        <objectwrapper>com.google.android.gms.maps.model.VisibleRegion</objectwrapper>
        <owner>process</owner>
        <method>
            <name>Initialize</name>
            <comment>Creates a new VisibleRegion given the four corners of the camera.</comment>
            <returntype>void</returntype>
            <parameter>
                <name>NearLeft</name>
                <type>com.google.android.gms.maps.model.LatLng</type>
            </parameter>
            <parameter>
                <name>NearRight</name>
                <type>com.google.android.gms.maps.model.LatLng</type>
            </parameter>
            <parameter>
                <name>FarLeft</name>
                <type>com.google.android.gms.maps.model.LatLng</type>
            </parameter>
            <parameter>
                <name>FarRight</name>
                <type>com.google.android.gms.maps.model.LatLng</type>
            </parameter>
            <parameter>
                <name>LatLngBounds1</name>
                <type>com.google.android.gms.maps.model.LatLngBounds</type>
            </parameter>
        </method>
        <method>
            <name>IsInitialized</name>
            <comment></comment>
            <returntype>boolean</returntype>
        </method>
        <property>
            <name>FarRight</name>
            <returntype>anywheresoftware.b4a.objects.MapFragmentWrapper.LatLngWrapper</returntype>
            <comment></comment>
        </property>
        <property>
            <name>LatLngBounds</name>
            <returntype>uk.co.martinpearman.b4a.com.google.android.gms.maps.model.LatLngBounds</returntype>
            <comment></comment>
        </property>
        <property>
            <name>NearRight</name>
            <returntype>anywheresoftware.b4a.objects.MapFragmentWrapper.LatLngWrapper</returntype>
            <comment></comment>
        </property>
        <property>
            <name>NearLeft</name>
            <returntype>anywheresoftware.b4a.objects.MapFragmentWrapper.LatLngWrapper</returntype>
            <comment></comment>
        </property>
        <property>
            <name>FarLeft</name>
            <returntype>anywheresoftware.b4a.objects.MapFragmentWrapper.LatLngWrapper</returntype>
            <comment></comment>
        </property>
    </class>
    <class>
        <name>uk.co.martinpearman.b4a.com.google.android.gms.maps.model.UrlTileProvider</name>
        <shortname>UrlTileProvider</shortname>
        <objectwrapper>uk.co.martinpearman.b4a.com.google.android.gms.maps.model.UrlTileProviderImpl</objectwrapper>
        <owner>process</owner>
        <method>
            <name>Initialize</name>
            <comment>Initialize the UrlTileProvider.
UrlTemplate - a String which is the Url to a tile with X, Y and zoom parameters replaced:
Here the standard OSM slippy map tilenaming is used.
http://&lt;my tileserver url&gt;/%3$d/%1$d/%2$d.png
Url parameters are %1$d tileX, %2$d tileY, %3$d zoom
Width - tile width in pixels.
Height - tile height in pixels.</comment>
            <returntype>void</returntype>
            <parameter>
                <name>UrlTemplate</name>
                <type>java.lang.String</type>
            </parameter>
            <parameter>
                <name>Width</name>
                <type>int</type>
            </parameter>
            <parameter>
                <name>Height</name>
                <type>int</type>
            </parameter>
        </method>
        <method>
            <name>IsInitialized</name>
            <comment></comment>
            <returntype>boolean</returntype>
        </method>
    </class>
    <class>
        <name>uk.co.martinpearman.b4a.com.google.android.gms.maps.model.TileOverlay</name>
        <shortname>TileOverlay</shortname>
        <objectwrapper>com.google.android.gms.maps.model.TileOverlay</objectwrapper>
        <owner>process</owner>
        <method>
            <name>IsVisible</name>
            <comment>Gets the visibility of this tile overlay.</comment>
            <returntype>boolean</returntype>
        </method>
        <method>
            <name>Remove</name>
            <comment>Removes this tile overlay from the map.</comment>
            <returntype>void</returntype>
        </method>
        <method>
            <name>ClearTileCache</name>
            <comment>Clears the tile cache so that all tiles will be requested again from the TileProvider.</comment>
            <returntype>void</returntype>
        </method>
        <method>
            <name>IsInitialized</name>
            <comment></comment>
            <returntype>boolean</returntype>
        </method>
        <property>
            <name>ZIndex</name>
            <returntype>float</returntype>
            <parameter>
                <name>ZIndex</name>
                <type>float</type>
            </parameter>
            <comment>Get or Set the zIndex of this tile overlay.</comment>
        </property>
        <property>
            <name>Visible</name>
            <parameter>
                <name>Visible</name>
                <type>boolean</type>
            </parameter>
            <comment>Sets the visibility of this tile overlay.</comment>
        </property>
        <property>
            <name>Id</name>
            <returntype>java.lang.String</returntype>
            <comment>Returns this tile overlay's id.</comment>
        </property>
        <property>
            <name>FadeIn</name>
            <returntype>boolean</returntype>
            <parameter>
                <name>FadeIn</name>
                <type>boolean</type>
            </parameter>
            <comment>Get or Set whether the tiles should fade in.
 Default value is True.</comment>
        </property>
    </class>
    <class>
        <name>uk.co.martinpearman.b4a.com.google.android.gms.maps.model.GroundOverlayOptions</name>
        <shortname>GroundOverlayOptions</shortname>
        <objectwrapper>com.google.android.gms.maps.model.GroundOverlayOptions</objectwrapper>
        <owner>process</owner>
        <method>
            <name>Initialize</name>
            <comment></comment>
            <returntype>void</returntype>
        </method>
        <method>
            <name>Visible</name>
            <comment>Specifies the visibility for the ground overlay.</comment>
            <returntype>uk.co.martinpearman.b4a.com.google.android.gms.maps.model.GroundOverlayOptions</returntype>
            <parameter>
                <name>Visible</name>
                <type>boolean</type>
            </parameter>
        </method>
        <method>
            <name>PositionFromBounds</name>
            <comment>Specifies the position for this ground overlay.</comment>
            <returntype>uk.co.martinpearman.b4a.com.google.android.gms.maps.model.GroundOverlayOptions</returntype>
            <parameter>
                <name>Bounds</name>
                <type>com.google.android.gms.maps.model.LatLngBounds</type>
            </parameter>
        </method>
        <method>
            <name>SetBearing</name>
            <comment>Specifies the bearing of the ground overlay in degrees clockwise from north.</comment>
            <returntype>uk.co.martinpearman.b4a.com.google.android.gms.maps.model.GroundOverlayOptions</returntype>
            <parameter>
                <name>Bearing</name>
                <type>float</type>
            </parameter>
        </method>
        <method>
            <name>Image2</name>
            <comment>Specifies the image for this ground overlay using a BitmapDescriptor.</comment>
            <returntype>uk.co.martinpearman.b4a.com.google.android.gms.maps.model.GroundOverlayOptions</returntype>
            <parameter>
                <name>BitmapDescriptor1</name>
                <type>com.google.android.gms.maps.model.BitmapDescriptor</type>
            </parameter>
        </method>
        <method>
            <name>SetTransparency</name>
            <comment>Specifies the transparency of the ground overlay.</comment>
            <returntype>uk.co.martinpearman.b4a.com.google.android.gms.maps.model.GroundOverlayOptions</returntype>
            <parameter>
                <name>Transparency</name>
                <type>float</type>
            </parameter>
        </method>
        <method>
            <name>GetBearing</name>
            <comment></comment>
            <returntype>float</returntype>
        </method>
        <method>
            <name>SetZIndex</name>
            <comment>Specifies the ground overlay's zIndex, i.e., the order in which it will be drawn.</comment>
            <returntype>uk.co.martinpearman.b4a.com.google.android.gms.maps.model.GroundOverlayOptions</returntype>
            <parameter>
                <name>ZIndex</name>
                <type>float</type>
            </parameter>
        </method>
        <method>
            <name>Anchor</name>
            <comment>Specifies the anchor to be at a particular point in the image.</comment>
            <returntype>uk.co.martinpearman.b4a.com.google.android.gms.maps.model.GroundOverlayOptions</returntype>
            <parameter>
                <name>U</name>
                <type>float</type>
            </parameter>
            <parameter>
                <name>V</name>
                <type>float</type>
            </parameter>
        </method>
        <method>
            <name>Image</name>
            <comment>Specifies the image for this ground overlay using a Bitmap.</comment>
            <returntype>uk.co.martinpearman.b4a.com.google.android.gms.maps.model.GroundOverlayOptions</returntype>
            <parameter>
                <name>Bitmap1</name>
                <type>android.graphics.Bitmap</type>
            </parameter>
        </method>
        <method>
            <name>GetZIndex</name>
            <comment></comment>
            <returntype>float</returntype>
        </method>
        <method>
            <name>IsVisible</name>
            <comment></comment>
            <returntype>boolean</returntype>
        </method>
        <method>
            <name>GetTransparency</name>
            <comment></comment>
            <returntype>float</returntype>
        </method>
        <method>
            <name>Position</name>
            <comment>Specifies the position for this ground overlay using an anchor point (a LatLng), width and height (both in meters).</comment>
            <returntype>uk.co.martinpearman.b4a.com.google.android.gms.maps.model.GroundOverlayOptions</returntype>
            <parameter>
                <name>Position</name>
                <type>com.google.android.gms.maps.model.LatLng</type>
            </parameter>
            <parameter>
                <name>Width</name>
                <type>float</type>
            </parameter>
            <parameter>
                <name>Height</name>
                <type>float</type>
            </parameter>
        </method>
        <method>
            <name>Position2</name>
            <comment>Specifies the position for this ground overlay using an anchor point (a LatLng) and the width (in meters).</comment>
            <returntype>uk.co.martinpearman.b4a.com.google.android.gms.maps.model.GroundOverlayOptions</returntype>
            <parameter>
                <name>Position</name>
                <type>com.google.android.gms.maps.model.LatLng</type>
            </parameter>
            <parameter>
                <name>Width</name>
                <type>float</type>
            </parameter>
        </method>
        <method>
            <name>IsInitialized</name>
            <comment></comment>
            <returntype>boolean</returntype>
        </method>
        <property>
            <name>Bounds</name>
            <returntype>uk.co.martinpearman.b4a.com.google.android.gms.maps.model.LatLngBounds</returntype>
            <comment></comment>
        </property>
        <property>
            <name>AnchorV</name>
            <returntype>float</returntype>
            <comment>Returns vertical distance, normalized to [0, 1], of the anchor from the top edge.</comment>
        </property>
        <property>
            <name>Location</name>
            <returntype>anywheresoftware.b4a.objects.MapFragmentWrapper.LatLngWrapper</returntype>
            <comment></comment>
        </property>
        <property>
            <name>Height</name>
            <returntype>float</returntype>
            <comment></comment>
        </property>
        <property>
            <name>AnchorU</name>
            <returntype>float</returntype>
            <comment>Returns horizontal distance, normalized to [0, 1], of the anchor from the left edge.</comment>
        </property>
        <property>
            <name>Width</name>
            <returntype>float</returntype>
            <comment></comment>
        </property>
    </class>
    <class>
        <name>uk.co.martinpearman.b4a.com.google.android.gms.maps.model.BitmapDescriptorFactory</name>
        <shortname>BitmapDescriptorFactory</shortname>
        <owner>process</owner>
        <method>
            <name>FromFile</name>
            <comment>Creates a BitmapDescriptor using the name of an image file located in the internal storage.</comment>
            <returntype>uk.co.martinpearman.b4a.com.google.android.gms.maps.model.BitmapDescriptor</returntype>
            <parameter>
                <name>Filename</name>
                <type>java.lang.String</type>
            </parameter>
        </method>
        <method>
            <name>DefaultMarker2</name>
            <comment>Creates a BitmapDescriptor that refers to a colorization of the default marker image.</comment>
            <returntype>uk.co.martinpearman.b4a.com.google.android.gms.maps.model.BitmapDescriptor</returntype>
            <parameter>
                <name>Hue</name>
                <type>float</type>
            </parameter>
        </method>
        <method>
            <name>FromResource</name>
            <comment>Creates a BitmapDescriptor using the resource id of an image.</comment>
            <returntype>uk.co.martinpearman.b4a.com.google.android.gms.maps.model.BitmapDescriptor</returntype>
            <parameter>
                <name>ResourceId</name>
                <type>int</type>
            </parameter>
        </method>
        <method>
            <name>DefaultMarker</name>
            <comment>Creates a BitmapDescriptor that refers to the default marker image.</comment>
            <returntype>uk.co.martinpearman.b4a.com.google.android.gms.maps.model.BitmapDescriptor</returntype>
        </method>
        <method>
            <name>FromBitmap</name>
            <comment>Creates a BitmapDescriptor from a given Bitmap.</comment>
            <returntype>uk.co.martinpearman.b4a.com.google.android.gms.maps.model.BitmapDescriptor</returntype>
            <parameter>
                <name>Bitmap1</name>
                <type>android.graphics.Bitmap</type>
            </parameter>
        </method>
        <method>
            <name>FromPath</name>
            <comment>Creates a BitmapDescriptor from an absolute file path.</comment>
            <returntype>uk.co.martinpearman.b4a.com.google.android.gms.maps.model.BitmapDescriptor</returntype>
            <parameter>
                <name>AbsolutePath</name>
                <type>java.lang.String</type>
            </parameter>
        </method>
        <method>
            <name>FromAsset</name>
            <comment>Creates a BitmapDescriptor using the name of an image in the assets directory.</comment>
            <returntype>uk.co.martinpearman.b4a.com.google.android.gms.maps.model.BitmapDescriptor</returntype>
            <parameter>
                <name>AssetName</name>
                <type>java.lang.String</type>
            </parameter>
        </method>
        <field>
            <name>HUE_ROSE</name>
            <comment></comment>
            <returntype>float</returntype>
        </field>
        <field>
            <name>HUE_GREEN</name>
            <comment></comment>
            <returntype>float</returntype>
        </field>
        <field>
            <name>HUE_ORANGE</name>
            <comment></comment>
            <returntype>float</returntype>
        </field>
        <field>
            <name>HUE_BLUE</name>
            <comment></comment>
            <returntype>float</returntype>
        </field>
        <field>
            <name>HUE_YELLOW</name>
            <comment></comment>
            <returntype>float</returntype>
        </field>
        <field>
            <name>HUE_MAGENTA</name>
            <comment></comment>
            <returntype>float</returntype>
        </field>
        <field>
            <name>HUE_VIOLET</name>
            <comment></comment>
            <returntype>float</returntype>
        </field>
        <field>
            <name>HUE_RED</name>
            <comment></comment>
            <returntype>float</returntype>
        </field>
        <field>
            <name>HUE_CYAN</name>
            <comment></comment>
            <returntype>float</returntype>
        </field>
        <field>
            <name>HUE_AZURE</name>
            <comment></comment>
            <returntype>float</returntype>
        </field>
    </class>
    <class>
        <name>uk.co.martinpearman.b4a.com.google.android.gms.maps.model.CustomUrlTileProvider</name>
        <shortname>CustomUrlTileProvider</shortname>
        <objectwrapper>uk.co.martinpearman.b4a.com.google.android.gms.maps.model.CustomUrlTileProviderImpl</objectwrapper>
        <owner>process</owner>
        <event>GetTileUrl(TileX As Int, TileY As Int, Zoom As Int) As String</event>
        <method>
            <name>Initialize</name>
            <comment>Initialize the CustomUrlTileProvider.
 Width - width of the images used for tiles.
 Height - height of the images used for tiles.
 The CustomUrlTileProvider raises the event:
 GetTileUrl(TileX As Int, TileY As Int, Zoom As Int) As String</comment>
            <returntype>void</returntype>
            <parameter>
                <name>pBA</name>
                <type>anywheresoftware.b4a.BA</type>
            </parameter>
            <parameter>
                <name>EventName</name>
                <type>java.lang.String</type>
            </parameter>
            <parameter>
                <name>Width</name>
                <type>int</type>
            </parameter>
            <parameter>
                <name>Height</name>
                <type>int</type>
            </parameter>
        </method>
        <method>
            <name>IsInitialized</name>
            <comment></comment>
            <returntype>boolean</returntype>
        </method>
    </class>
    <class>
        <name>uk.co.martinpearman.b4a.com.google.android.gms.maps.model.CustomTileProvider</name>
        <shortname>CustomTileProvider</shortname>
        <objectwrapper>uk.co.martinpearman.b4a.com.google.android.gms.maps.model.TileProviderImpl</objectwrapper>
        <owner>process</owner>
        <method>
            <name>Initialize</name>
            <comment>Initialize the CustomTileProvider.
 When the CustomTileProvider requires a Tile it uses Reflection to call a b4a Sub, the b4a Sub must return a Tile object.
 ClassInstance - The module that contains the Sub that will return a Tile object.
 SubName - The name of the Sub that will return a Tile object.</comment>
            <returntype>void</returntype>
            <parameter>
                <name>pBA</name>
                <type>anywheresoftware.b4a.BA</type>
            </parameter>
            <parameter>
                <name>ClassInstance</name>
                <type>java.lang.Object</type>
            </parameter>
            <parameter>
                <name>SubName</name>
                <type>java.lang.String</type>
            </parameter>
        </method>
        <method>
            <name>IsInitialized</name>
            <comment></comment>
            <returntype>boolean</returntype>
        </method>
        <field>
            <name>NO_TILE</name>
            <comment></comment>
            <returntype>uk.co.martinpearman.b4a.com.google.android.gms.maps.model.Tile</returntype>
        </field>
    </class>
    <class>
        <name>uk.co.martinpearman.b4a.com.google.android.gms.maps.model.PolygonOptions</name>
        <shortname>PolygonOptions</shortname>
        <objectwrapper>com.google.android.gms.maps.model.PolygonOptions</objectwrapper>
        <owner>process</owner>
        <method>
            <name>Initialize</name>
            <comment></comment>
            <returntype>void</returntype>
        </method>
        <method>
            <name>AddHole</name>
            <comment>Adds a hole to the polygon being built.
 The vertices of the hole must be in counterclockwise order.
 Hole should be a List of LatLng objects.</comment>
            <returntype>void</returntype>
            <parameter>
                <name>Hole</name>
                <type>anywheresoftware.b4a.objects.collections.List</type>
            </parameter>
        </method>
        <method>
            <name>AddPoints</name>
            <comment>Adds vertices to the outline of the polygon being built. The vertices must be added in counterclockwise order.
 The List should hold objects of type LatLng.
 
 In version 1.00 of this library, this method was the writeable Points property.
 As the vertices are added to (and don't replace) any existing vertices the property is removed and replaced with this new method.</comment>
            <returntype>void</returntype>
            <parameter>
                <name>points</name>
                <type>anywheresoftware.b4a.objects.collections.List</type>
            </parameter>
        </method>
        <method>
            <name>IsInitialized</name>
            <comment></comment>
            <returntype>boolean</returntype>
        </method>
        <method>
            <name>AddPoint</name>
            <comment>Adds a vertex to the outline of the polygon being built.</comment>
            <returntype>void</returntype>
            <parameter>
                <name>LatLng1</name>
                <type>com.google.android.gms.maps.model.LatLng</type>
            </parameter>
        </method>
        <property>
            <name>ZIndex</name>
            <returntype>float</returntype>
            <parameter>
                <name>ZIndex</name>
                <type>float</type>
            </parameter>
            <comment></comment>
        </property>
        <property>
            <name>StrokeWidth</name>
            <returntype>float</returntype>
            <parameter>
                <name>StrokeWidth</name>
                <type>float</type>
            </parameter>
            <comment></comment>
        </property>
        <property>
            <name>Visible</name>
            <returntype>boolean</returntype>
            <parameter>
                <name>Visible</name>
                <type>boolean</type>
            </parameter>
            <comment></comment>
        </property>
        <property>
            <name>FillColor</name>
            <returntype>int</returntype>
            <parameter>
                <name>FillColor</name>
                <type>int</type>
            </parameter>
            <comment></comment>
        </property>
        <property>
            <name>StrokeColor</name>
            <returntype>int</returntype>
            <parameter>
                <name>StrokeColor</name>
                <type>int</type>
            </parameter>
            <comment></comment>
        </property>
        <property>
            <name>Points</name>
            <returntype>anywheresoftware.b4a.objects.collections.List</returntype>
            <comment></comment>
        </property>
        <property>
            <name>Geodesic</name>
            <returntype>boolean</returntype>
            <parameter>
                <name>Geodesic</name>
                <type>boolean</type>
            </parameter>
            <comment></comment>
        </property>
        <property>
            <name>Holes</name>
            <returntype>anywheresoftware.b4a.objects.collections.List</returntype>
            <comment>Get the holes of this polygon.
 Returns a List that contains a List of LatLng objects for each hole.</comment>
        </property>
    </class>
    <class>
        <name>uk.co.martinpearman.b4a.com.google.android.gms.maps.model.Circle</name>
        <shortname>Circle</shortname>
        <objectwrapper>com.google.android.gms.maps.model.Circle</objectwrapper>
        <owner>process</owner>
        <method>
            <name>Remove</name>
            <comment>Remove the Circle from the map.</comment>
            <returntype>void</returntype>
        </method>
        <method>
            <name>IsInitialized</name>
            <comment></comment>
            <returntype>boolean</returntype>
        </method>
        <property>
            <name>ZIndex</name>
            <returntype>float</returntype>
            <parameter>
                <name>ZIndex</name>
                <type>float</type>
            </parameter>
            <comment>Get or Set the Circle ZIndex.</comment>
        </property>
        <property>
            <name>StrokeWidth</name>
            <returntype>float</returntype>
            <parameter>
                <name>StrokeWidth</name>
                <type>float</type>
            </parameter>
            <comment>Get or Set the Circle stroke width.</comment>
        </property>
        <property>
            <name>Visible</name>
            <returntype>boolean</returntype>
            <parameter>
                <name>Visible</name>
                <type>boolean</type>
            </parameter>
            <comment></comment>
        </property>
        <property>
            <name>Radius</name>
            <returntype>double</returntype>
            <parameter>
                <name>Radius</name>
                <type>double</type>
            </parameter>
            <comment>Get or Set the Circle radius in meters.</comment>
        </property>
        <property>
            <name>FillColor</name>
            <returntype>int</returntype>
            <parameter>
                <name>FillColor</name>
                <type>int</type>
            </parameter>
            <comment>Get or Set the Circle fill color.</comment>
        </property>
        <property>
            <name>StrokeColor</name>
            <returntype>int</returntype>
            <parameter>
                <name>StrokeColor</name>
                <type>int</type>
            </parameter>
            <comment>Get or Set the Circle stroke color.</comment>
        </property>
        <property>
            <name>Id</name>
            <returntype>java.lang.String</returntype>
            <comment>Get the Circle Id.</comment>
        </property>
        <property>
            <name>Center</name>
            <returntype>anywheresoftware.b4a.objects.MapFragmentWrapper.LatLngWrapper</returntype>
            <parameter>
                <name>LatLng1</name>
                <type>com.google.android.gms.maps.model.LatLng</type>
            </parameter>
            <comment>Get or Set the Circle center.</comment>
        </property>
    </class>
    <class>
        <name>uk.co.martinpearman.b4a.com.google.android.gms.maps.model.CircleOptions</name>
        <shortname>CircleOptions</shortname>
        <objectwrapper>com.google.android.gms.maps.model.CircleOptions</objectwrapper>
        <owner>process</owner>
        <method>
            <name>Initialize</name>
            <comment>Creates a new CircleOptions.</comment>
            <returntype>void</returntype>
        </method>
        <method>
            <name>Visible</name>
            <comment>Sets the visibility.</comment>
            <returntype>uk.co.martinpearman.b4a.com.google.android.gms.maps.model.CircleOptions</returntype>
            <parameter>
                <name>Visible</name>
                <type>boolean</type>
            </parameter>
        </method>
        <method>
            <name>GetStrokeWidth</name>
            <comment>Gets the stroke width.</comment>
            <returntype>float</returntype>
        </method>
        <method>
            <name>GetRadius</name>
            <comment>Gets the radius in meters.</comment>
            <returntype>double</returntype>
        </method>
        <method>
            <name>ZIndex</name>
            <comment>Sets the ZIndex.</comment>
            <returntype>uk.co.martinpearman.b4a.com.google.android.gms.maps.model.CircleOptions</returntype>
            <parameter>
                <name>ZIndex</name>
                <type>float</type>
            </parameter>
        </method>
        <method>
            <name>StrokeWidth</name>
            <comment>Sets the stroke width.</comment>
            <returntype>uk.co.martinpearman.b4a.com.google.android.gms.maps.model.CircleOptions</returntype>
            <parameter>
                <name>StrokeWidth</name>
                <type>float</type>
            </parameter>
        </method>
        <method>
            <name>Center2</name>
            <comment>Sets the center using latitude and longitude.</comment>
            <returntype>uk.co.martinpearman.b4a.com.google.android.gms.maps.model.CircleOptions</returntype>
            <parameter>
                <name>Latitude</name>
                <type>double</type>
            </parameter>
            <parameter>
                <name>Longitude</name>
                <type>double</type>
            </parameter>
        </method>
        <method>
            <name>FillColor</name>
            <comment>Sets the fill color.</comment>
            <returntype>uk.co.martinpearman.b4a.com.google.android.gms.maps.model.CircleOptions</returntype>
            <parameter>
                <name>FillColor</name>
                <type>int</type>
            </parameter>
        </method>
        <method>
            <name>Radius</name>
            <comment>Sets the radius in meters.</comment>
            <returntype>uk.co.martinpearman.b4a.com.google.android.gms.maps.model.CircleOptions</returntype>
            <parameter>
                <name>Radius</name>
                <type>double</type>
            </parameter>
        </method>
        <method>
            <name>StrokeColor</name>
            <comment>Sets the stroke color.</comment>
            <returntype>uk.co.martinpearman.b4a.com.google.android.gms.maps.model.CircleOptions</returntype>
            <parameter>
                <name>StrokeColor</name>
                <type>int</type>
            </parameter>
        </method>
        <method>
            <name>GetCenter</name>
            <comment>Gets the center as a LatLng.</comment>
            <returntype>anywheresoftware.b4a.objects.MapFragmentWrapper.LatLngWrapper</returntype>
        </method>
        <method>
            <name>GetZIndex</name>
            <comment>Gets the ZIndex.</comment>
            <returntype>float</returntype>
        </method>
        <method>
            <name>IsVisible</name>
            <comment>Gets the visibility of this circle.</comment>
            <returntype>boolean</returntype>
        </method>
        <method>
            <name>Center</name>
            <comment>Sets the center using a LatLng.</comment>
            <returntype>uk.co.martinpearman.b4a.com.google.android.gms.maps.model.CircleOptions</returntype>
            <parameter>
                <name>LatLng1</name>
                <type>com.google.android.gms.maps.model.LatLng</type>
            </parameter>
        </method>
        <method>
            <name>GetFillColor</name>
            <comment>Gets the fill color.</comment>
            <returntype>int</returntype>
        </method>
        <method>
            <name>IsInitialized</name>
            <comment></comment>
            <returntype>boolean</returntype>
        </method>
        <method>
            <name>GetStrokeColor</name>
            <comment>Gets the stroke color.</comment>
            <returntype>int</returntype>
        </method>
    </class>
    <class>
        <name>uk.co.martinpearman.b4a.com.google.android.gms.maps.model.LatLngBoundsBuilder</name>
        <shortname>LatLngBoundsBuilder</shortname>
        <objectwrapper>com.google.android.gms.maps.model.LatLngBounds.Builder</objectwrapper>
        <owner>process</owner>
        <method>
            <name>Initialize</name>
            <comment></comment>
            <returntype>void</returntype>
        </method>
        <method>
            <name>Build</name>
            <comment>Creates and returns the LatLngBounds.</comment>
            <returntype>uk.co.martinpearman.b4a.com.google.android.gms.maps.model.LatLngBounds</returntype>
        </method>
        <method>
            <name>Include</name>
            <comment>Includes this point for building of the bounds.
 The bounds will be extended in a minimum way to include this point.
 https://developers.google.com/maps/documentation/android/reference/com/google/android/gms/maps/model/LatLngBounds.Builder</comment>
            <returntype>uk.co.martinpearman.b4a.com.google.android.gms.maps.model.LatLngBoundsBuilder</returntype>
            <parameter>
                <name>LatLng1</name>
                <type>com.google.android.gms.maps.model.LatLng</type>
            </parameter>
        </method>
        <method>
            <name>IsInitialized</name>
            <comment></comment>
            <returntype>boolean</returntype>
        </method>
    </class>
    <class>
        <name>uk.co.martinpearman.b4a.googlemapsextras.MarkerExtras</name>
        <shortname>MarkerExtras</shortname>
        <owner>process</owner>
        <method>
            <name>GetRotation</name>
            <comment>Gets the rotation of the Marker in degrees clockwise about the Marker's anchor point.</comment>
            <returntype>float</returntype>
            <parameter>
                <name>Marker1</name>
                <type>com.google.android.gms.maps.model.Marker</type>
            </parameter>
        </method>
        <method>
            <name>SetRotation</name>
            <comment>Sets the rotation of the marker in degrees clockwise about the marker's anchor point.
 The axis of rotation is perpendicular to the marker.
 A rotation of 0 corresponds to the default position of the marker.</comment>
            <returntype>void</returntype>
            <parameter>
                <name>Marker1</name>
                <type>com.google.android.gms.maps.model.Marker</type>
            </parameter>
            <parameter>
                <name>Rotation</name>
                <type>float</type>
            </parameter>
        </method>
        <method>
            <name>SetAnchor</name>
            <comment>Specifies the anchor to be at a particular point in the marker image.</comment>
            <returntype>void</returntype>
            <parameter>
                <name>Marker1</name>
                <type>com.google.android.gms.maps.model.Marker</type>
            </parameter>
            <parameter>
                <name>U</name>
                <type>float</type>
            </parameter>
            <parameter>
                <name>V</name>
                <type>float</type>
            </parameter>
        </method>
        <method>
            <name>SetAlpha</name>
            <comment>Sets the alpha (opacity) of Marker1.
 This is a value from 0 to 1, where 0 means the marker is completely transparent and 1 means the marker is completely opaque.</comment>
            <returntype>void</returntype>
            <parameter>
                <name>Marker1</name>
                <type>com.google.android.gms.maps.model.Marker</type>
            </parameter>
            <parameter>
                <name>Alpha</name>
                <type>float</type>
            </parameter>
        </method>
        <method>
            <name>SetInfoWindowAnchor</name>
            <comment>Specifies the point in the marker image at which to anchor the info window when it is displayed.</comment>
            <returntype>void</returntype>
            <parameter>
                <name>Marker1</name>
                <type>com.google.android.gms.maps.model.Marker</type>
            </parameter>
            <parameter>
                <name>U</name>
                <type>float</type>
            </parameter>
            <parameter>
                <name>V</name>
                <type>float</type>
            </parameter>
        </method>
        <method>
            <name>GetId</name>
            <comment>Gets Marker1's Id.</comment>
            <returntype>java.lang.String</returntype>
            <parameter>
                <name>Marker1</name>
                <type>com.google.android.gms.maps.model.Marker</type>
            </parameter>
        </method>
        <method>
            <name>IsFlat</name>
            <comment>Gets the flat setting for this Marker.</comment>
            <returntype>boolean</returntype>
            <parameter>
                <name>Marker1</name>
                <type>com.google.android.gms.maps.model.Marker</type>
            </parameter>
        </method>
        <method>
            <name>GetAlpha</name>
            <comment>Gets the alpha of the marker.</comment>
            <returntype>float</returntype>
            <parameter>
                <name>Marker1</name>
                <type>com.google.android.gms.maps.model.Marker</type>
            </parameter>
        </method>
        <method>
            <name>SetFlat</name>
            <comment>Sets whether this Marker should be flat against the map (True) or a billboard facing the camera (False).</comment>
            <returntype>void</returntype>
            <parameter>
                <name>Marker1</name>
                <type>com.google.android.gms.maps.model.Marker</type>
            </parameter>
            <parameter>
                <name>Flat</name>
                <type>boolean</type>
            </parameter>
        </method>
    </class>
    <class>
        <name>uk.co.martinpearman.b4a.googlemapsextras.GoogleMapsExtras</name>
        <shortname>GoogleMapsExtras</shortname>
        <owner>process</owner>
        <event>SnapshotReady(Bitmap1 As Bitmap)</event>
        <method>
            <name>AnimateCamera2</name>
            <comment>Animates the movement of the camera from the current position to the position defined in the CameraUpdate1.
 Raising the CancelableCallback Cancel or Finish event on termination or completion.
 Pass Null as the CancelableCallback if not required.</comment>
            <returntype>void</returntype>
            <parameter>
                <name>GoogleMap1</name>
                <type>com.google.android.gms.maps.GoogleMap</type>
            </parameter>
            <parameter>
                <name>CameraUpdate1</name>
                <type>com.google.android.gms.maps.CameraUpdate</type>
            </parameter>
            <parameter>
                <name>CancelableCallback1</name>
                <type>com.google.android.gms.maps.GoogleMap.CancelableCallback</type>
            </parameter>
        </method>
        <method>
            <name>AnimateCamera3</name>
            <comment>Animates the movement of the camera from the current position to the position defined in the CameraUpdate1 over the specified duration.
 Raising the CancelableCallback Cancel or Finish event on termination or completion.
 Pass Null as the CancelableCallback if not required.</comment>
            <returntype>void</returntype>
            <parameter>
                <name>GoogleMap1</name>
                <type>com.google.android.gms.maps.GoogleMap</type>
            </parameter>
            <parameter>
                <name>CameraUpdate1</name>
                <type>com.google.android.gms.maps.CameraUpdate</type>
            </parameter>
            <parameter>
                <name>DurationMs</name>
                <type>int</type>
            </parameter>
            <parameter>
                <name>CancelableCallback1</name>
                <type>com.google.android.gms.maps.GoogleMap.CancelableCallback</type>
            </parameter>
        </method>
        <method>
            <name>AnimateCamera</name>
            <comment>Animates the movement of the camera from the current position to the position defined in the CameraUpdate1.</comment>
            <returntype>void</returntype>
            <parameter>
                <name>GoogleMap1</name>
                <type>com.google.android.gms.maps.GoogleMap</type>
            </parameter>
            <parameter>
                <name>CameraUpdate1</name>
                <type>com.google.android.gms.maps.CameraUpdate</type>
            </parameter>
        </method>
        <method>
            <name>SetInfoWindowAdapter</name>
            <comment>Sets a custom renderer for the contents of infowindows. 
 To unset the custom renderer use Null.</comment>
            <returntype>void</returntype>
            <parameter>
                <name>GoogleMap1</name>
                <type>com.google.android.gms.maps.GoogleMap</type>
            </parameter>
            <parameter>
                <name>InfoWindowAdapter1</name>
                <type>com.google.android.gms.maps.GoogleMap.InfoWindowAdapter</type>
            </parameter>
        </method>
        <method>
            <name>GetMinZoomLevel</name>
            <comment>Returns the minimum zoom level.
This is the same for every location (unlike the maximum zoom level) but may vary between devices and map sizes.</comment>
            <returntype>float</returntype>
            <parameter>
                <name>GoogleMap1</name>
                <type>com.google.android.gms.maps.GoogleMap</type>
            </parameter>
        </method>
        <method>
            <name>SetBuildingsEnabled</name>
            <comment>Turns the 3D buildings layer on or off.</comment>
            <returntype>void</returntype>
            <parameter>
                <name>GoogleMap1</name>
                <type>com.google.android.gms.maps.GoogleMap</type>
            </parameter>
            <parameter>
                <name>Enabled</name>
                <type>boolean</type>
            </parameter>
        </method>
        <method>
            <name>Snapshot</name>
            <comment>Takes a snapshot of the map.
 On completion raises the event SnapshotReady(Bitmap1 As Bitmap).</comment>
            <returntype>void</returntype>
            <parameter>
                <name>pBA</name>
                <type>anywheresoftware.b4a.BA</type>
            </parameter>
            <parameter>
                <name>GoogleMap1</name>
                <type>com.google.android.gms.maps.GoogleMap</type>
            </parameter>
            <parameter>
                <name>EventName</name>
                <type>java.lang.String</type>
            </parameter>
        </method>
        <method>
            <name>IsTrafficEnabled</name>
            <comment>Returns whether the map is drawing traffic data.</comment>
            <returntype>boolean</returntype>
            <parameter>
                <name>GoogleMap1</name>
                <type>com.google.android.gms.maps.GoogleMap</type>
            </parameter>
        </method>
        <method>
            <name>IsIndoorEnabled</name>
            <comment>Returns whether indoor maps are currently enabled.</comment>
            <returntype>boolean</returntype>
            <parameter>
                <name>GoogleMap1</name>
                <type>com.google.android.gms.maps.GoogleMap</type>
            </parameter>
        </method>
        <method>
            <name>AddMarker</name>
            <comment>Adds a Marker to the map.
 This method uses a MarkerOptions object to create a Marker.</comment>
            <returntype>anywheresoftware.b4a.objects.MapFragmentWrapper.MarkerWrapper</returntype>
            <parameter>
                <name>GoogleMap1</name>
                <type>com.google.android.gms.maps.GoogleMap</type>
            </parameter>
            <parameter>
                <name>MarkerOptions1</name>
                <type>com.google.android.gms.maps.model.MarkerOptions</type>
            </parameter>
        </method>
        <method>
            <name>SetPadding</name>
            <comment>Sets padding on the map.
 This method allows you to define a visible region on the map, to signal to the map that portions of the map around the edges may be obscured, by setting padding on each of the four edges of the map.
 Map functions will be adapted to the padding.
 For example, the zoom controls, compass, copyright notices and Google logo will be moved to fit inside the defined region, camera movements will be relative to the center of the visible region, etc.</comment>
            <returntype>void</returntype>
            <parameter>
                <name>GoogleMap1</name>
                <type>com.google.android.gms.maps.GoogleMap</type>
            </parameter>
            <parameter>
                <name>Left</name>
                <type>int</type>
            </parameter>
            <parameter>
                <name>Top</name>
                <type>int</type>
            </parameter>
            <parameter>
                <name>Right</name>
                <type>int</type>
            </parameter>
            <parameter>
                <name>Bottom</name>
                <type>int</type>
            </parameter>
        </method>
        <method>
            <name>AddCircle</name>
            <comment>Adds a circle to the map.</comment>
            <returntype>uk.co.martinpearman.b4a.com.google.android.gms.maps.model.Circle</returntype>
            <parameter>
                <name>GoogleMap1</name>
                <type>com.google.android.gms.maps.GoogleMap</type>
            </parameter>
            <parameter>
                <name>CircleOptions1</name>
                <type>com.google.android.gms.maps.model.CircleOptions</type>
            </parameter>
        </method>
        <method>
            <name>AddGroundOverlay</name>
            <comment></comment>
            <returntype>uk.co.martinpearman.b4a.com.google.android.gms.maps.model.GroundOverlay</returntype>
            <parameter>
                <name>GoogleMap1</name>
                <type>com.google.android.gms.maps.GoogleMap</type>
            </parameter>
            <parameter>
                <name>GroundOverlayOptions1</name>
                <type>com.google.android.gms.maps.model.GroundOverlayOptions</type>
            </parameter>
        </method>
        <method>
            <name>StopAnimation</name>
            <comment>Stops the camera animation if there is one in progress.
 When the method is called, the camera stops moving immediately and remains in that position.</comment>
            <returntype>void</returntype>
            <parameter>
                <name>GoogleMap1</name>
                <type>com.google.android.gms.maps.GoogleMap</type>
            </parameter>
        </method>
        <method>
            <name>SetIndoorEnabled</name>
            <comment>Sets whether indoor maps should be enabled.</comment>
            <returntype>boolean</returntype>
            <parameter>
                <name>GoogleMap1</name>
                <type>com.google.android.gms.maps.GoogleMap</type>
            </parameter>
            <parameter>
                <name>Enabled</name>
                <type>boolean</type>
            </parameter>
        </method>
        <method>
            <name>SetTrafficEnabled</name>
            <comment>Toggles the traffic layer on or off.</comment>
            <returntype>void</returntype>
            <parameter>
                <name>GoogleMap1</name>
                <type>com.google.android.gms.maps.GoogleMap</type>
            </parameter>
            <parameter>
                <name>Enabled</name>
                <type>boolean</type>
            </parameter>
        </method>
        <method>
            <name>AnimateToBounds</name>
            <comment>Adjust and animate the map center and zoom level so that it fully contains the LatLngBounds.
 Padding is defined in units of pixels.
 This method is deprecated, instead use the CameraUpdateFactory and CameraUpdate objects and the AnimateCamera method.</comment>
            <returntype>void</returntype>
            <parameter>
                <name>GoogleMap1</name>
                <type>com.google.android.gms.maps.GoogleMap</type>
            </parameter>
            <parameter>
                <name>LatLngBounds1</name>
                <type>com.google.android.gms.maps.model.LatLngBounds</type>
            </parameter>
            <parameter>
                <name>Padding</name>
                <type>int</type>
            </parameter>
        </method>
        <method>
            <name>SetOnInfoWindowClickListener</name>
            <comment>Sets a callback that's invoked when an infowindow is clicked.
 To unset the callback use Null.</comment>
            <returntype>void</returntype>
            <parameter>
                <name>GoogleMap1</name>
                <type>com.google.android.gms.maps.GoogleMap</type>
            </parameter>
            <parameter>
                <name>OnInfoWindowClickListener1</name>
                <type>com.google.android.gms.maps.GoogleMap.OnInfoWindowClickListener</type>
            </parameter>
        </method>
        <method>
            <name>SetOnMarkerDragListener</name>
            <comment>Sets a callback that's invoked when a marker is dragged.
 To unset the callback use Null.</comment>
            <returntype>void</returntype>
            <parameter>
                <name>GoogleMap1</name>
                <type>com.google.android.gms.maps.GoogleMap</type>
            </parameter>
            <parameter>
                <name>OnMarkerDragListener1</name>
                <type>com.google.android.gms.maps.GoogleMap.OnMarkerDragListener</type>
            </parameter>
        </method>
        <method>
            <name>AddPolygon</name>
            <comment>Adds a polygon to the map.</comment>
            <returntype>uk.co.martinpearman.b4a.com.google.android.gms.maps.model.Polygon</returntype>
            <parameter>
                <name>GoogleMap1</name>
                <type>com.google.android.gms.maps.GoogleMap</type>
            </parameter>
            <parameter>
                <name>PolygonOptions1</name>
                <type>com.google.android.gms.maps.model.PolygonOptions</type>
            </parameter>
        </method>
        <method>
            <name>GetProjection</name>
            <comment>Returns a Projection object that you can use to convert between screen coordinates and latitude/longitude coordinates.</comment>
            <returntype>uk.co.martinpearman.b4a.com.google.android.gms.maps.Projection</returntype>
            <parameter>
                <name>GoogleMap1</name>
                <type>com.google.android.gms.maps.GoogleMap</type>
            </parameter>
        </method>
        <method>
            <name>MoveCamera</name>
            <comment>Moves the camera from the current position to the position defined in the CameraUpdate1.</comment>
            <returntype>void</returntype>
            <parameter>
                <name>GoogleMap1</name>
                <type>com.google.android.gms.maps.GoogleMap</type>
            </parameter>
            <parameter>
                <name>CameraUpdate1</name>
                <type>com.google.android.gms.maps.CameraUpdate</type>
            </parameter>
        </method>
        <method>
            <name>AddTileOverlay</name>
            <comment>Adds a tile overlay to the map.</comment>
            <returntype>uk.co.martinpearman.b4a.com.google.android.gms.maps.model.TileOverlay</returntype>
            <parameter>
                <name>GoogleMap1</name>
                <type>com.google.android.gms.maps.GoogleMap</type>
            </parameter>
            <parameter>
                <name>TileOverlayOptions1</name>
                <type>com.google.android.gms.maps.model.TileOverlayOptions</type>
            </parameter>
        </method>
        <method>
            <name>SetOnMapLoadedCallback</name>
            <comment>Sets a callback that's invoked when the map has finished rendering.</comment>
            <returntype>void</returntype>
            <parameter>
                <name>GoogleMap1</name>
                <type>com.google.android.gms.maps.GoogleMap</type>
            </parameter>
            <parameter>
                <name>OnMapLoadedCallback1</name>
                <type>com.google.android.gms.maps.GoogleMap.OnMapLoadedCallback</type>
            </parameter>
        </method>
        <method>
            <name>SetOnMyLocationButtonClickListener</name>
            <comment>Sets a callback that's invoked when the my location button is clicked. 
 If the listener returns true, the event is consumed and the default behavior will not occur.
 If it returns false, the default behavior will occur (i.e. The camera moves such that it is centered on the user location).</comment>
            <returntype>void</returntype>
            <parameter>
                <name>GoogleMap1</name>
                <type>com.google.android.gms.maps.GoogleMap</type>
            </parameter>
            <parameter>
                <name>OnMyLocationButtonClickListener</name>
                <type>com.google.android.gms.maps.GoogleMap.OnMyLocationButtonClickListener</type>
            </parameter>
        </method>
        <method>
            <name>GetMaxZoomLevel</name>
            <comment>Returns the maximum zoom level for the current camera position.
This takes into account what map type is currently being used, e.g., satellite or terrain may have a lower max zoom level than the base map tiles.</comment>
            <returntype>float</returntype>
            <parameter>
                <name>GoogleMap1</name>
                <type>com.google.android.gms.maps.GoogleMap</type>
            </parameter>
        </method>
        <method>
            <name>SetOnMyLocationChangeListener</name>
            <comment>Sets a callback that's invoked when the my location dot changes location.
 To unset the callback use Null.</comment>
            <returntype>void</returntype>
            <parameter>
                <name>GoogleMap1</name>
                <type>com.google.android.gms.maps.GoogleMap</type>
            </parameter>
            <parameter>
                <name>OnMyLocationChangeListener1</name>
                <type>com.google.android.gms.maps.GoogleMap.OnMyLocationChangeListener</type>
            </parameter>
        </method>
        <method>
            <name>AnimateToBounds2</name>
            <comment>Adjust and animate the map center and zoom level so that it fully contains the LatLngBounds.
 Padding is defined in units of pixels.
 Width and Height should define the dimensions of the GoogleMap.
 This method is deprecated, instead use the CameraUpdateFactory and CameraUpdate objects and the AnimateCamera method.</comment>
            <returntype>void</returntype>
            <parameter>
                <name>GoogleMap1</name>
                <type>com.google.android.gms.maps.GoogleMap</type>
            </parameter>
            <parameter>
                <name>LatLngBounds1</name>
                <type>com.google.android.gms.maps.model.LatLngBounds</type>
            </parameter>
            <parameter>
                <name>Width</name>
                <type>int</type>
            </parameter>
            <parameter>
                <name>Height</name>
                <type>int</type>
            </parameter>
            <parameter>
                <name>Padding</name>
                <type>int</type>
            </parameter>
        </method>
    </class>
    <version>1.71</version>
    <comment>GoogleMapsExtras is an ongoing project to implement more of the Google Maps Android v2 classes in Basic4Android.</comment>
    <author>Martin Pearman</author>
</root>
